"","","","","","","","","","","","","","","","","","","","","","","","","","","","","","","","","","",""
"","????","???","active","???","????","???","??PJ","????0????","??1 (?????)","??2 (?????)","??3(???)","????","??????????(???)","?????????","??????","?????","??????","????","????","???","??","???","??????","????????????","????","??????","????","???","?????","???","???","????","?????
??","????"
"","10","????????","Yes??????","400","BoCS????????","??????","??","350","220","","350","???????","","","","????????","Fri Jan 01 2016 00:00:00 GMT+0900 (Japan Standard Time)","????? , NF , ????? , ?????????????","????????","????????","92?92mm???4mm????????????","???????????
???????????????
??????TEL:?03-3551-5974
??????mail: info@saitoh-sikoh.co.jp
??????hp:   www.saitoh-sikoh.co.jp
?????????
?????????????
??????PP?
?????????????10?15 PP??100???
?????143?
????????????https://shimojima.jp/shop/g/g4547432424210/","25????500????140?????","","","","?????????","140","","","1.81","141.81","141.81","???????????140??????????141.81??"
"","11","???????????","Yes??????","0","????/??????","??","??","350","0","","","???????","","","","????????","Fri Nov 01 2019 00:00:00 GMT+0900 (Japan Standard Time)","NF , ?????????????","??","??","???","","","","","","???????????","","","","","0","0",""
"","12","???????","No???????","0","????/??????","??????","2022???","250","","","","???????","","","","???????","Tue Nov 01 2022 00:00:00 GMT+0900 (Japan Standard Time)","NF","??","??","??92mm???3.5mm","","","????????????????????????","??????3?","????????????Amazon????
??????
????????????????","???????????","55.44","50","100","9.12","214.56","114.56","???	????	????	???	??
???????	250	43	43	10750
				
????????	1950		1	1950
???	217		2	434
55.44

?	1.63		43	70.09
????????	110		1	110
???????	4.933		43	212.119
9.12"
"","100","????????","No???????","12","??????","??","2022??????","800","","","","??????","","","","????????","Sat Oct 01 2022 00:00:00 GMT+0900 (Japan Standard Time)","?????, NF, ?????","??","????????PJ???????????????","10?10?????
??????6cm??????","","","???????????
???????","3??/2,3?","????????100??????????????????????
????????????(??)","???????????","200","","2000","","2200","200","???????200??????"
"","110","?????_?????","No???????","30","??????","?????","2022??????","2000","0","","2000","???????","","","","?????","Tue Nov 01 2022 00:00:00 GMT+0900 (Japan Standard Time)","?????, NF, ?????, ?????????","????????","??","A4?????????????","??????????????
????????????","???????????1????","","","","???????","700","","","","700","700","????????700????
????100????
????40?????
?????????"
"","111","?????_?????","Yes??????","10","??????","?????","2022??????","1800","0","","1800","???????","","","","?????","Tue Nov 01 2022 00:00:00 GMT+0900 (Japan Standard Time)","?????, NF, ?????, ?????????","????????","??","A4?????????????","??????????????
????????????","???????????1????","","","","???????","700","","","","700","700","????????700????
????100????
????40?????
?????????"
"","112","????????","No???????","30","??????","?????","2022??????","400","0","","500","???????","","","","?????","Tue Nov 01 2022 00:00:00 GMT+0900 (Japan Standard Time)","?????, NF, ?????, ?????????","????????","??","A4?????????????","??????????????
????????????","???????????1????","??2023/10??????500????300","","","???????","100","","","","100","100",""
"","113","???????","No???????","0","??????","?????","2022??????","200","0","","","???????","","","","?????","Tue Nov 01 2022 00:00:00 GMT+0900 (Japan Standard Time)","?????, NF, ?????, ?????????","????????","??","A4?????????????","??????????????
????????????","???????????1????","","","","???????","40","","","","40","40",""
"","120","??????","????","8","??????","??","2023????????","1000","","","","??????","","","","","Mon Nov 20 2023 00:00:00 GMT+0900 (Japan Standard Time)","NF","??","????????","13cm*21cm","","","??","2??","????????????
????????","???????????","100","?????????????","2500","0","2600","100",""
"","130","??????_????","Yes??????","17","??????","??","2023????????","500","","","","???????","","","","??????","Mon Nov 20 2023 00:00:00 GMT+0900 (Japan Standard Time)","NF","??","????????","","","","??????????","","????????????
?????","???????????","30","100","1000","","1130","130","????????????????
???????????"
"","131","??????_????","Yes??????","17","??????","??","2023????????","500","","","","???????","","","","??????","Mon Nov 20 2023 00:00:00 GMT+0900 (Japan Standard Time)","NF","??","????????","","","","??????????","","????????????
?????","???????????","30","100","1000","","1130","130","????????????????
???????????"
"","132","??????_????","Yes??????","17","??????","??","2023????????","500","","","","???????","","","","??????","Mon Nov 20 2023 00:00:00 GMT+0900 (Japan Standard Time)","NF","??","????????","","","","??????????","","????????????
?????","???????????","30","100","1000","","1130","130","????????????????
???????????"
"","140","???????????","No???????","50","BoCS???","???????","??","1000","","","1000","???????","","","","???????????","Thu Nov 09 2023 00:00:00 GMT+0900 (Japan Standard Time)","NF","????????","????????","???","","","","","","","","","","","0","0",""
"","300","???????","No???????","20","??????","????????","2022??????","2400","0","","2800","???????","","","","???????","Tue Nov 01 2022 00:00:00 GMT+0900 (Japan Standard Time)","NF, ?????????","????????","????????","??????????,58?89??18(???)","??????
??????????????","7???","","","","???????","1021.43","","","10","1031.4299999999998","1031.4299999999998","60?61286
80?70095
???600"
"","310","??????","????","0","?","????????","2022??????","200","","","","???????","","","","???????","Tue Nov 01 2022 00:00:00 GMT+0900 (Japan Standard Time)","NF, ?????????","????????","????????","??????????,58?89??18(???)","??????
??????????????","7???","","","","???????","","","","","0","0",""
"","400","????_???????","No???????","20","??????","??????????","2023????????","300","","","","???????","","","","????","Mon Nov 20 2023 00:00:00 GMT+0900 (Japan Standard Time)","NF","??","????????","A??32??1","","","???????????","3??16?","","???????????","60","","900","2","962","62",""
"","401","????_??(??????)","No???????","20","??????","??????????","2023????????","300","","","","???????","","","","????","Mon Nov 20 2023 00:00:00 GMT+0900 (Japan Standard Time)","NF","??","????????","A??32??1","","","???????????","3??16?","","???????????","60","","900","2","962","62",""
"","402","????_???","No???????","20","??????","??????????","2023????????","300","","","","???????","","","","????","Mon Nov 20 2023 00:00:00 GMT+0900 (Japan Standard Time)","NF","??","????????","A??32??1","","","???????????","3??16?","","???????????","60","","900","2","962","62",""
"","403","????_?????????","No???????","20","??????","??????????","2023????????","300","","","","???????","","","","????","Mon Nov 20 2023 00:00:00 GMT+0900 (Japan Standard Time)","NF","??","????????","A??32??1","","","???????????","3??16?","","???????????","60","","900","2","962","62",""
"","410","???????","Yes??????","","???????????","??","??","350","","","","??????","","","","","Sun Jun 30 2024 00:00:00 GMT+0900 (Japan Standard Time)","?????","??","????????","?","","","","","","???????????","114","","","","114","114",""
"","420","???????","Yes??????","","???????????","??","????????","300","","","","????","","","","","Sat Nov 16 2024 00:00:00 GMT+0900 (Japan Standard Time)","NF","??","????????","???","","","","","","???????????","153","","","","153","153",""
"","430","TCDs??????","No???????","","???????????","??????","????????","500","","","","????","","","","","Wed Nov 20 2024 00:00:00 GMT+0900 (Japan Standard Time)","NF","??","????????","???","","","","","","???????????","","","","","0","0",""
"","440","????????_???ver.","Yes??????","","???????????","?","2024??","600","","","","??????","","","","","Wed Nov 20 2024 00:00:00 GMT+0900 (Japan Standard Time)","NF","??","????????","?","","","","","","???????????","0","150","","7","157","157",""
"","450","??????","Yes??????","","???????????","??","??","500","","","","????","","","","??????","Wed Nov 20 2024 00:00:00 GMT+0900 (Japan Standard Time)","NF","??","????????","?","","","","","","???????????","54","79","","2","135","135",""
"","700","???????","Yes??????","","???????????","????","2024???","1800","","","","??????","","","","","Wed Nov 20 2024 00:00:00 GMT+0900 (Japan Standard Time)","NF","??","????????","???","","","","","","???????????","1000","60","","","1060","1060",""
"","701","????????","Yes??????","","???????????","????","2024???","1800","","","","??????","","","","","Wed Nov 20 2024 00:00:00 GMT+0900 (Japan Standard Time)","NF","??","????????","???","","","","","","???????????","1000","60","","","1060","1060",""
"","702","???????","Yes??????","","???????????","????","2024???","1500","","","","??????","","","","","Wed Nov 20 2024 00:00:00 GMT+0900 (Japan Standard Time)","NF","??","????????","????","","","","","","???????????","1000","60","","","1060","1060",""
"","800","?????_??","????","0","??????","??","2022??????","800","0","","","??????","","","","?????","Wed Jun 01 2022 00:00:00 GMT+0900 (Japan Standard Time)","?????, NF, ?????","??","??","15cm?","","","?????????????or?????????????????","1???10??","Amazon??????????","???????","400","","200","","600","400",""
"","801","?????_??","????","0","??????","??","2022??????","800","","","","??????","","","","?????","Wed Jun 01 2022 00:00:00 GMT+0900 (Japan Standard Time)","?????, NF, ?????","??","??","15cm?","","","?????????????or?????????????????","1???10??","Amazon??????????","???????","400","","200","","600","400",""
"","810","???????????","No???????","50","??????","????????","2023????????","600","","","","????","","","","???????????","Mon Nov 20 2023 00:00:00 GMT+0900 (Japan Standard Time)","NF","??","????????","????","????","5?","","","","???????????","392","","","","392","392",""
"","820","???????","????","26","??????","??","????????","300","","","","??????","","","","???????","Sat Nov 18 2023 00:00:00 GMT+0900 (Japan Standard Time)","NF","??","NF?????","??????????????????","","","????????
??????????
??????????????","","????????????
??????????????????
??????????????","???????????","50","","600","2","652","52","???????????50???????"
"","830","????????","No???????","","???????????","??","??","400","","","","????","","","","","Sat Nov 16 2024 00:00:00 GMT+0900 (Japan Standard Time)","NF","??","??","??????","","","","","","???????????","135","","","","135","135",""
"","1000","?????","Yes??????","30","??????","????????????","2023????????","700","","","","??????","","","","","Tue Nov 21 2023 00:00:00 GMT+0900 (Japan Standard Time)","NF","????????","????????","5.2?5.2","?????????","9?","??????????????????????????????????????","","","???????????","273","1000","3000","1","4274","1274",""
"","1001","???????","Yes??????","50","???","????????????","2023????????","350","","","","????","","","","","Tue Nov 21 2023 00:00:00 GMT+0900 (Japan Standard Time)","NF","????????","????????","25?????????","?????????","8?","","","","???????????","180","","","1","181","181",""
"","1010","???????","????","0","??????","??","2022???","250","","","250","????","","","","???????","Tue Nov 01 2022 00:00:00 GMT+0900 (Japan Standard Time)","NF, ?????","??","??","60mm*60mm,????","???????","7","???????????????????","","","???????????","102.25","","","1.83","104.08","104.08","??60???110????????
???(2,045*3+110)/60??????104??????"
"","1020","???????","No???????","320","??????","?????","??","300","","","","????","","","","???????","Sat Oct 28 2023 00:00:00 GMT+0900 (Japan Standard Time)","NF","??","NF?????","?PET,45mm*75mm","???????","2","","","","","49.7","","","","49.7","49.7",""
"","1030","?????????","No???????","","???????????","?","????????","300","","","","????","","","","","Wed Nov 20 2024 00:00:00 GMT+0900 (Japan Standard Time)","NF","??","????????","?????","","","","","","???????????","60","","","","60","60",""
"","1040","??????????","No???????","","???????????","??","2024??","300","","","","????","","","","","Wed Nov 20 2024 00:00:00 GMT+0900 (Japan Standard Time)","NF","??","????????","?????","","","","","","???????????","79","","","","79","79",""
"","1050","?????????","No???????","","???????????","??","??","300","","","","????","","","","","Wed Nov 20 2024 00:00:00 GMT+0900 (Japan Standard Time)","NF","??","??","?????","","","","","","???????????","44","","","","44","44",""
"","2000","???","No???????","300","???","??????","????????","200","","","","????","","","","?????","Tue Nov 21 2023 00:00:00 GMT+0900 (Japan Standard Time)","NF","??","????????","??45mm?145mm","??????","?5?","","","","???????????","124","","","3","127","127",""
"","2010","????????","No???????","0","????/??????","???","2022???","300","","","","???????","","","","????????","Tue Nov 01 2022 00:00:00 GMT+0900 (Japan Standard Time)","?????, NF","??","????????","50?50?50(mm)","","","MDF??????????","20/h(???????????)","????(?????)
MDF????????
????MDF2.5mm","???????????","","","","","0","0",""
"","2020","??????????????","No???????","284","??????","???????????","2023????????","300","","","","???????","","","","???????????","Tue Nov 21 2023 00:00:00 GMT+0900 (Japan Standard Time)","NF","??","NF?????","35*40(cm?)??","","","","","????????????","???????????","18","15","70","0","103","33",""
"","2030","?????????","No???????","","???????????","??","2024??????","300","","","","???????","","","","","Wed Nov 20 2024 00:00:00 GMT+0900 (Japan Standard Time)","NF","????????","????????","MDF?????","","","","","","???????????","21","32","","","53","53",""
"","2040","????????","No???????","","???????????","??","2024??","300","","","","???????","","","","","Sun Nov 17 2024 00:00:00 GMT+0900 (Japan Standard Time)","????? , NF , ?????","??","????????","????","","","","","","???????????","","","","","0","0",""
"","3000","?????????","Yes??????","12","??????","???????????","????????","250","","","","??????","","","","?????????","Tue Nov 21 2023 00:00:00 GMT+0900 (Japan Standard Time)","NF","??","NF?????","??????????","???????
????????????????","","????????
??????????
?????????","","","???????????","32","","667","3","702","35","330??20???????????7?110???????      
35??110?????1?    
1??2?????6???????1?2?2000?6??600~700??
??????????????????????"
"","3010","???????","Yes??????","","???????????","??","????????","500","","","","????","","","","","Sat Nov 16 2024 00:00:00 GMT+0900 (Japan Standard Time)","NF","??","????????","?","","","","","","???????????","359","","","","359","359",""
"","3020","?????????_???????","Yes??????","19","BoCS???","??","2022??????","600","","","","??????","","","","?????????","Wed Mar 01 2023 00:00:00 GMT+0900 (Japan Standard Time)","?????, ?????","??","??","4??????","","","Empty","Empty","Empty","???????????","","","","","0","0",""
"","3021","?????????_???","Yes??????","4","BoCS???","??","2022??????","600","","","","??????","","","","?????????","Wed Mar 01 2023 00:00:00 GMT+0900 (Japan Standard Time)","?????, ?????","??","??","4??????","","","Empty","Empty","Empty","???????????","","","","","0","0",""
"","3022","?????????_???????","No???????","1","BoCS???","??","2022??????","600","","","","??????","","","","?????????","Wed Mar 01 2023 00:00:00 GMT+0900 (Japan Standard Time)","?????, ?????","??","??","4??????","","","Empty","Empty","Empty","???????????","","","","","0","0",""
"","3030","?????????","No???????","0","BoCS???","??","2022??????","500","","","","??????","","","","????","Wed Oct 09 2041 00:00:00 GMT+0900 (Japan Standard Time)","?????,  ?????","??","??","3??????","","","Empty","","","???????????","","","","","0","0",""
"","3040","?????????","Yes??????","100","BoCS???","??????????","2023????????","300","","","","???????","","","","?????????","Thu Nov 09 2023 00:00:00 GMT+0900 (Japan Standard Time)","NF","??","????????","","","","????????","","","???????????","50","74","300","10","434","134",""
"","3050","??????????","Yes??????","","???????????","?","??","500","","","","???????","","","","","Mon Apr 15 2024 00:00:00 GMT+0900 (Japan Standard Time)","?????","??","??","MDF?????","","","","","","???????????","120","50","","10","180","180",""
"","3060","??????????","Yes??????","","BoCS????????","??","??","500","","","","???????","","","","","Sun Sep 15 2024 00:00:00 GMT+0900 (Japan Standard Time)","????? , NF","??","??","MDF","","","","7?","???????","???????????","80","100","","","180","180",""
"","3070","????????","No???????","","???????????","??","??","700","","","","???????","","","","","Wed Nov 20 2024 00:00:00 GMT+0900 (Japan Standard Time)","NF","??","????????","MDF","","","","","","???????????","60","60","","","120","120",""
"","3080","??????????","Yes??????","","???????????","?","??","300","","","","???????","","","","","Wed Nov 20 2024 00:00:00 GMT+0900 (Japan Standard Time)","????? , NF","??","????????","MDF","","","","","","???????????","10","40","","","50","50",""
"","4000","?????????_???????","No???????","0","BoCS???","??????","2022???","300","","","","???????","","","","?????????","Sun Aug 01 2021 00:00:00 GMT+0900 (Japan Standard Time)","?????, NF, ?????","??","????????","55?91mm???????","","","??????????????????????????????","3??/30?","MDF??????????????????????????????????????","?????????","20","100","200","0","320","120","??????130??150?????????????????????????
???23?11????50????260??
????????1?600??5.5?MDF???????140????????70??????????????????????????1?20????????1?25?????????????????
?????????????????????"
"","4001","?????????_???????","Yes??????","50","BoCS???","??????","2022???","300","","","","???????","","","","?????????","Sun Aug 01 2021 00:00:00 GMT+0900 (Japan Standard Time)","?????, NF, ?????","??","????????","55?91mm???????","","","??????????????????????????????","3??/30?","MDF??????????????????????????????????????","?????????","20","100","200","0","320","120","??????130??150?????????????????????????
????????1?600??5.5?MDF???????140????????70??????????????????????????1?20????????1?25?????????????????
?????????????????????"
"","4010","???","Yes??????","0","????/??????","??","??","1000","","","","???????","","","","???","Sat Oct 01 2022 00:00:00 GMT+0900 (Japan Standard Time)","?????, NF","??","??","MDF","","","","","","???????????","","","","","0","0",""
"","4020","???BOX","No???????","0","????/??????","?","??","500","","","","","","","","???BOX","Sat Oct 01 2022 00:00:00 GMT+0900 (Japan Standard Time)","?????, NF","??","??","","","","","","","???????????","5","","","","5","5",""
"","4030","????????","No???????","9","??????","??????","2022??????","400","","","","???????","","","","????????","Tue Nov 01 2022 00:00:00 GMT+0900 (Japan Standard Time)","?????, NF","??","??","MDF","","","","","","???????????","362","7000","2400","5","9767","7367",""
"","4031","????????","No???????","56","??????","??????","2022??????","100","","","","??????","","","","????????","Tue Nov 01 2022 00:00:00 GMT+0900 (Japan Standard Time)","?????, NF","??","??","?","","","","","","???????????","","","","","0","0",""
"","4032","???????????","????","0","??????","??????","2022??????","150","","","","","","","","????????","Tue Nov 01 2022 00:00:00 GMT+0900 (Japan Standard Time)","?????, NF","??","??","","","","","","","???????????","","","","","0","0",""
"","4040","?????????","Yes??????","12","BoCS????????","??","??","820","","","","???????","","","","?????????","Thu Dec 01 2022 00:00:00 GMT+0900 (Japan Standard Time)","?????, ?????","??","????????","???113.5mm?????66.5mm?????108.5mm","","","","?40min/4?","???MDF
??????KMG??????????????
??????????????????????????????PC???????A4????????
???????????????????????24cm?16cm?6cm?18??????????????????????????????????????????????????????","???????????","125","125","250","8","508","258","MDF???????????????125??
??????8?????
?????2000????4?30??250??
????????1??1000????4?30??125??
?????508???????"
"","4050","????????","No???????","0","????/??????","??","2022???","700","","","","","","","","????????","Sun Jan 01 2023 00:00:00 GMT+0900 (Japan Standard Time)","?????","??","??","","","","","","","???????????","","","","","0","0",""
"","4060","????????","No???????","0","????/??????","??","2022???","350","","","","","","","","????????","Sun Jan 01 2023 00:00:00 GMT+0900 (Japan Standard Time)","?????","??","??","","","","","","","???????????","","","","","0","0",""
"","4070","?????_?","Yes??????","3","???","????","2023??????","1500","","","","???????","","","","?????","Sat Nov 11 2023 00:00:00 GMT+0900 (Japan Standard Time)","NF","????????","??","10cm*8cm*5cm","","","???????????","3??","","???????????","100","330","500","10","940","440",""
"","4071","?????_?","Yes??????","","???????????","??","??","1500","","","","???????","","","","","Wed Nov 20 2024 00:00:00 GMT+0900 (Japan Standard Time)","????? , NF","??","??","MDF","","","","","","???????????","","","","","0","0",""
"","4072","?????_?","Yes??????","","???????????","????","??","1500","","","","???????","","","","","Thu Nov 21 2024 00:00:00 GMT+0900 (Japan Standard Time)","NF , ?????","????????","??","MDF","","","","","","???????????","","","","","0","0",""
"","4073","?????_?","Yes??????","","???????????","????","??","1500","","","","???????","","","","","Thu Nov 21 2024 00:00:00 GMT+0900 (Japan Standard Time)","????? , NF","????????","??","MDF","","","","","","???????????","","","","","0","0",""
"","4080","?????????","????","50","??????","????","??","500","","","","???????","","","","?????????","Sun Nov 12 2023 00:00:00 GMT+0900 (Japan Standard Time)","NF","??","??","?7cm?15?18cm","","","???????????","","","???????????","30","100","100","4","234","134",""
"","4090","??????????_NF_2023_Special_edition.","No???????","","BoCS???","???","??","1000","","","","???????","","","","","Sat Nov 18 2023 00:00:00 GMT+0900 (Japan Standard Time)","NF","??","??","MDF","","","?????????????","","???????","","102","250","1000","3","1355","355",""
"","4100","???????","Yes??????","","??????","?","??","600","","","","???????","","","","","Sun Jun 30 2024 00:00:00 GMT+0900 (Japan Standard Time)","?????","????????","????????","?","","","","","","???????????","","","","","0","0",""
"","4110","??????????","No???????","","??????","?","2024??","1200","","","","???????","","","","","Tue Oct 15 2024 00:00:00 GMT+0900 (Japan Standard Time)","????? , NF","??","????????","MDF","","","","","","???????????","115","356","","","471","471",""
"","4120","?????????","Yes??????","","???????????","?????","??","1000","","","","???????","","","","","Wed Nov 20 2024 00:00:00 GMT+0900 (Japan Standard Time)","????? , NF","??","????????","MDF","","","","","","???????????","220","250","","160","630","630",""
"","5000","???????_?????","????","0","??????","??????","2022??????","1200","","","","??????","","","","???????_?????","Tue Mar 01 2022 00:00:00 GMT+0900 (Japan Standard Time)","?????, ?????","??","????????","2??5?","","","???????KMG??????????????????????????????????????????????????????????????????????????????","1??","???????100????????????KMG??????????????????","???????????","400","","4000","","4400","400","400??????????????????????????????????"
"","5001","???????_????","No???????","2","??????","???","??","1200","","","","??????","","","","???????_????","Wed Mar 01 2023 00:00:00 GMT+0900 (Japan Standard Time)","?????, ?????","??","????????","????","","","????????KMG?????????????????????????????????????????????????????????????????????????????????????????????","2??","???????????????????????????","???????????","400","","4000","","4400","400",""
"","5002","???????_?????","No???????","5","??????","??????","2023????????","1200","","","","??????","","","","","Sat Nov 18 2023 00:00:00 GMT+0900 (Japan Standard Time)","NF","NF?????","NF?????","?","","","??????????????????????????????????","1??","??????","???????????","400","","4000","","4400","400",""
"","5010","????????/???_??????","Yes??????","5","??????","??","2022??????","1200","","","","??????","","","","????????/???_??????","Sat Jul 02 2022 00:00:00 GMT+0900 (Japan Standard Time)","?????, NF, ?????","??","????????","6cm?2cm","","","????????????????????????
?????????????????????????
???????????
???????????????????","2??","?????????
????????
??????????????????
??????KMG","???????????","600","","4000","","4600","600","??????????????????????????????????600??????"
"","5011","????????/???_??????????","No???????","3","??????","??","2022??????","1200","","","","??????","","","","????????/???_??????????","Wed Feb 01 2023 00:00:00 GMT+0900 (Japan Standard Time)","?????, ?????","??","????????","6?2cm","","","????????????????????????
?????????????????????
???????????????????????????????
???????????????
???????","2??","?????????","???????????","600","","4000","","4600","600","??????????????????????????????????600??????"
"","5012","????????/???_????","No???????","","??????","??","2023????????","1200","","","","??????","","","","","Sat Jun 15 2024 00:00:00 GMT+0900 (Japan Standard Time)","????? , NF","#N/A","????????","?","","","","","","???????????","","","","","0","0",""
"","5020","???????","Yes??????","40","??????","????????","2023????????","800","","","","???????","","","","???????","Wed Nov 22 2023 00:00:00 GMT+0900 (Japan Standard Time)","NF","??","????????","2cm*6cm","","","???????????
??????","","","???????????","200","","200","40","440","240",""
"","5030","??????????","No???????","","???????????","???????","??","1200","","","","???????","","","","","Mon Apr 15 2024 00:00:00 GMT+0900 (Japan Standard Time)","?????","??","??","","","","","40m","","???????????","400","10","","2","412","412",""
"","5040","?????????????","No???????","","???????????","??","??","1200","","","","???????","","","","","Mon Apr 15 2024 00:00:00 GMT+0900 (Japan Standard Time)","????? , NF","??","??","","","","","60m","","???????????","500","10","","2","512","512",""
"","5050","?????????","Yes??????","","??????","??","??","800","","","","??????","","","","","Sun Jun 30 2024 00:00:00 GMT+0900 (Japan Standard Time)","?????","","","","","","","","","???????????","300","100","","0","400","400",""
"","6000","?????????/???A","No???????","0","????/??????","??","??","1200","","","","??????","","","","?????????/???","Mon Apr 01 2019 00:00:00 GMT+0900 (Japan Standard Time)","?????, NF","??","????????","???","","","??????????????","?????","?????","???????????","","","","","0","0",""
"","6001","?????????/???B","Yes??????","7","BoCS????????","??","??","1300","","","","??????","","","","?????????/???","Mon Apr 01 2019 00:00:00 GMT+0900 (Japan Standard Time)","?????, NF","??","????????","???","","","??????????????","?????","?????","???????????","","","","","0","0",""
"","6002","?????????/???C","No???????","0","????/??????","??","??","1400","","","","??????","","","","?????????/???","Mon Apr 01 2019 00:00:00 GMT+0900 (Japan Standard Time)","?????, NF","??","????????","???","","","??????????????","?????","?????","???????????","","","","","0","0",""
"","6003","????-?????????/???A","No???????","4","BoCS????????","??","??","1300","","","","??????","","","","?????????/???","Mon Apr 01 2019 00:00:00 GMT+0900 (Japan Standard Time)","?????, NF","??","????????","???","","","??????????????","?????","?????","???????????","","","","","0","0",""
"","6004","????-?????????/???B","No???????","0","BoCS????????","??","??","1400","","","","??????","","","","?????????/???","Mon Apr 01 2019 00:00:00 GMT+0900 (Japan Standard Time)","?????, NF","??","????????","???","","","??????????????","?????","?????","???????????","","","","","0","0",""
"","6010","?????????/???A","No???????","0","BoCS????????","??","??","1100","","","","???????","","","","?????????/???","Fri Apr 01 2022 00:00:00 GMT+0900 (Japan Standard Time)","?????, NF","??","??","???","","","MDF????????????","?????","?????","???????????","","","","","0","0",""
"","6011","?????????/???B","No???????","0","????/??????","??","??","1200","","","","???????","","","","?????????/???","Fri Apr 01 2022 00:00:00 GMT+0900 (Japan Standard Time)","?????, NF","??","??","???","","","MDF????????????","?????","?????","???????????","","","","","0","0",""
"","6020","DNA?????/???","No???????","0","????/??????","??","??","1800","","","","??????","","","","DNA?????/???","Fri Apr 01 2022 00:00:00 GMT+0900 (Japan Standard Time)","?????, NF","??","????????","???","","","???????????","?????","?????","???????????","","","","","0","0",""
"","6021","DNA?????/????????????","No???????","0","????/??????","??","??","1400","","","","??????","","","","DNA?????/???","Fri Apr 01 2022 00:00:00 GMT+0900 (Japan Standard Time)","?????, NF","??","????????","???","","","???????????","?????","?????","???????????","","","","","0","0",""
"","6022","DNA????","No???????","0","????/??????","??","??","1000","","","","??????","","","","DNA?????/???","Fri Apr 01 2022 00:00:00 GMT+0900 (Japan Standard Time)","?????, NF","??","????????","???","","","???????????","?????","?????","???????????","","","","","0","0",""
"","6030","????????????/???","No???????","0","????/??????","??","??","1400","","","","","","","","????????????/???","Tue Nov 01 2022 00:00:00 GMT+0900 (Japan Standard Time)","?????","??","??","","","","","","","???????????","","","","","0","0",""
"","6040","??????????/???","No???????","0","????/??????","??","??","1300","","","","","","","","?????","Sun Jan 01 2023 00:00:00 GMT+0900 (Japan Standard Time)","?????","??","??","","","","","","","???????????","","","","","0","0",""
"","6041","??????????","No???????","0","????/??????","??","??","500","","","","","","","","?????","Sun Jan 01 2023 00:00:00 GMT+0900 (Japan Standard Time)","?????","??","??","","","","","","","???????????","","","","","0","0",""
"","6042","?????????","No???????","0","????/??????","??","??","500","","","","","","","","?????","Sun Jan 01 2023 00:00:00 GMT+0900 (Japan Standard Time)","?????","??","??","","","","","","","???????????","","","","","0","0",""
"","6050","??????????","No???????","0","????/??????","??","??","850","","","","","","","","??????????","Sun Jan 01 2023 00:00:00 GMT+0900 (Japan Standard Time)","?????","??","??","","","","","","","???????????","","","","","0","0",""
"","6060","?????????","No???????","0","????/??????","??","??","600","","","","","","","","?????????","Mon May 01 2023 00:00:00 GMT+0900 (Japan Standard Time)","?????","??","??","","","","","","","???????????","","","","","0","0",""
"","6070","????","No???????","0","????/??????","??","2022??????","","","","","","","","","????","Mon May 01 2023 00:00:00 GMT+0900 (Japan Standard Time)","?????","??","??","","","","","","","???????????","","","","","0","0",""
"","9000","???????","No???????","500","????/??????","","","","","","","","","","","???????","","","","","","","","","","","","","","","","0","0",""
"","9010","kobo??????","No???????","0","????/??????","?","????????","","","","","","","","","kobo???????????????","Tue Nov 01 2022 00:00:00 GMT+0900 (Japan Standard Time)","","??","??","15mm?","Pixiv factory","20???","Illustrator??????????","","","","900","","","","900","900","?????????100??300???
?? 15mm?price
1~900?
10~890?
20~880?
30~870?
50~860?
70?820?
100,790?
200,570?"
"","9100","kobo???????????????","????","?","?","????","????????","","","","","????","","","","kobo???????????????","Wed Nov 09 2022 00:00:00 GMT+0900 (Japan Standard Time)","LINE????????","??","??","LINE????","","","Illustrator??????????","",""," ?????????","","","","","0","0",""