"????","???","active","????0????","?????????","??????","??????","WEB??????","?????"
"10","????????","Yes??????","350","1jA5h3MExASMGArtQn15fc5Qc4lr97AfS","????????????????????109????????????????????????????????????","Fri Jan 01 2016 00:00:00 GMT+0900 (Japan Standard Time)","??(????)",""
"111","?????_?????","Yes??????","1800","1cBMupAcLnrmWuKgpL1FMOU9iQvsWNasV","","Tue Nov 01 2022 00:00:00 GMT+0900 (Japan Standard Time)","??","?????"
"300","???????","No???????","2400","1CHkHq45TCQY6Uoz5mhIANKmUsmH6ImBI","??????????????????????????2???????????","Tue Nov 01 2022 00:00:00 GMT+0900 (Japan Standard Time)","??",""
"410","???????","Yes??????","350","1NGTxh-TzYnHWKHz0mzYSqSIYFToXgIJI","","Sun Jun 30 2024 00:00:00 GMT+0900 (Japan Standard Time)","??",""
"450","??????","Yes??????","500","1-k8MoN4y8HiWtO7_a6j3tmD0a6doB9_1","","Wed Nov 20 2024 00:00:00 GMT+0900 (Japan Standard Time)","??",""
"1040","??????????","No???????","300","1KVveiUr1nYo3wYSeN9urRYGSabdbe1bT","","Wed Nov 20 2024 00:00:00 GMT+0900 (Japan Standard Time)","??",""
"2030","?????????","No???????","300","14oKqj0g7I1PwkKDgqQk5Wgxh7Q1FuWZ-","","Wed Nov 20 2024 00:00:00 GMT+0900 (Japan Standard Time)","??",""
"2040","????????","No???????","300","1BbXGwqaXIHG1RTW9yuNNZi1QPcb_s6HS","","Sun Nov 17 2024 00:00:00 GMT+0900 (Japan Standard Time)","??",""
"3020","?????????_???????","Yes??????","600","1N493rMvD-uBKtt1SwQwM9iM9wyVmv1MA","","Wed Mar 01 2023 00:00:00 GMT+0900 (Japan Standard Time)","??","?????????"
"3040","?????????","Yes??????","300","","","Thu Nov 09 2023 00:00:00 GMT+0900 (Japan Standard Time)","??",""
"3050","??????????","Yes??????","500","1m1fv-4ndaeDVH9lDoznReuvsVOXEcX4w","","Mon Apr 15 2024 00:00:00 GMT+0900 (Japan Standard Time)","??",""
"3060","??????????","Yes??????","500","1tuWiQqHBdshMoEpBMKJArXWEM-dSayxR","","Sun Sep 15 2024 00:00:00 GMT+0900 (Japan Standard Time)","??",""
"3080","??????????","Yes??????","300","","","Wed Nov 20 2024 00:00:00 GMT+0900 (Japan Standard Time)","??",""
"4040","?????????","Yes??????","820","16-COHpKMQXAjcDbp-3I2qT4sr1oI5dfk","","Thu Dec 01 2022 00:00:00 GMT+0900 (Japan Standard Time)","??",""
"4100","???????","Yes??????","600","","","Sun Jun 30 2024 00:00:00 GMT+0900 (Japan Standard Time)","??",""
"4110","??????????","No???????","1200","1m7B4YEo09yjQFWivTuLr8w39u-yJ1tPj","","Tue Oct 15 2024 00:00:00 GMT+0900 (Japan Standard Time)","??",""
"5010","????????/???_??????","Yes??????","1200","1G6Xa8v5U_RSGOcgyDHyNZ3t3Ea_67oBn","","Sat Jul 02 2022 00:00:00 GMT+0900 (Japan Standard Time)","??","????????/??? ??????"
"5011","????????/???_??????????","No???????","1200","1tnC3ryupMXboeZBrbNZZSr95SkaoklNJ","","Wed Feb 01 2023 00:00:00 GMT+0900 (Japan Standard Time)","??","????????/??? ??????????"
"5030","??????????","No???????","1200","1TOps69VtpDc22MShoj-4OBhuRV5BnTrR","","Mon Apr 15 2024 00:00:00 GMT+0900 (Japan Standard Time)","??","????? / ?????????????"
"5050","?????????","Yes??????","800","1GaD2r_lCMylJj3CrOpwG8h-l2rWsFHiZ","","Sun Jun 30 2024 00:00:00 GMT+0900 (Japan Standard Time)","??",""